ID;NAME;EMAIL;GENDER;
9fd88da2-612c-4656-9b23-2c381a5582ed;Brennen McCard;bmccard0@fema.gov;Male;
15c32a97-848a-4f4e-a8d5-94a689ca57c6;Darby Dubarry;ddubarry1@guardian.co.uk;Male;
2ad7a205-81f8-4f2b-895f-2d2e5d1ac463;Casandra Krysztofiak;ckrysztofiak2@mapy.cz;Female;
6caa4e5c-a187-4250-b01a-75503bb0afe4;Waring Sertin;wsertin3@amazon.de;Male;
4a11e4f1-ee5b-4541-a44a-cb6422c92c02;Ferrell Gritland;fgritland4@squarespace.com;Male;
8652a0c4-e007-4b23-ab62-ecfb909411be;Kimbell Dorin;kdorin5@flickr.com;Male;
70b9b4d5-6b86-4abd-85ca-3333657a23f2;Amber Greiswood;agreiswood6@networkadvertising.org;Female;
1b638e20-5d86-4d99-a7d7-f3f47f54acc3;Xena Kubicki;xkubicki7@de.vu;Female;
29835dd8-469f-4ce9-a9f4-15b23974050e;Stevy Ellaman;sellaman8@narod.ru;Male;
7d32ad45-f113-428d-8941-1490b6b76161;Sibilla Suggey;ssuggey9@aboutads.info;Female;
50683ac0-bd5e-420a-b47e-765836d8d5d2;Allina Pucknell;apucknella@instagram.com;Female;
4fc1517d-9881-4621-9ae2-33aebf7e5adf;Perrine Dignam;pdignamb@ted.com;Female;
7a139951-5fab-444a-890f-625c78170c45;Nicolais Minmagh;nminmaghc@sogou.com;Male;
257ad057-b97e-4aac-ba4c-f8f547061e84;Guy Plumridge;gplumridged@nydailynews.com;Male;
c41403fe-19f9-47f9-9d74-145959ed9bfc;Janette Brymham;jbrymhame@aboutads.info;Female;
471d995a-7583-4cae-847e-7b922158a8e9;Benito Curmi;bcurmif@mit.edu;Male;
05a2e4fe-3e2e-4d76-bc9b-9c56732fd55d;Shermie Coverley;scoverleyg@wordpress.com;Male;
952983e3-7fb5-460e-8505-df7d126f3a1a;Jerome Perton;jpertonh@symantec.com;Male;
6d0a3fea-77ba-422e-98ae-0eb86bf6943b;Cathe Mellem;cmellemi@washington.edu;Female;
3138df7b-105c-4445-9169-8452f68797c1;Gabbie Malkie;gmalkiej@prlog.org;Female;
db1f6c0e-c511-4670-8a4a-72e9d469dd8e;Tanhya Ivashin;tivashink@360.cn;Female;
d9f35dad-8d7f-4b57-9169-8c1673f7e952;Heidi Burborough;hburboroughl@surveymonkey.com;Female;
6b94566d-4bf8-4adf-a68b-ce23cfe2b8a0;Karim Chamberlaine;kchamberlainem@ow.ly;Male;
67b21550-bbf9-4bc2-95db-f07aeba645d5;Cairistiona Totton;ctottonn@amazonaws.com;Female;
3e7d1774-5740-4069-a94d-fc66dbed6eb2;Melodee Snawden;msnawdeno@upenn.edu;Female;
f693cca1-892a-446a-97e0-f1119cfc729b;Wynn Cosgrive;wcosgrivep@ucla.edu;Male;
76acd87e-f84a-4b6f-9822-ad50d52f0608;Vassily Vasyutkin;vvasyutkinq@ow.ly;Male;
15854670-e868-4630-a6d5-8e64319fa147;Carleen Hunt;chuntr@lycos.com;Female;
25e8444f-3a42-44b2-aedf-2815230392ba;Christie Torresi;ctorresis@sbwire.com;Male;
ec96ba21-9c56-482d-bb8a-96f64907ff0b;Lazar Tethcote;ltethcotet@nsw.gov.au;Male;